Type,Parent,Name,Aliases
Model,,01.7.0 Garage Peak Icicle Left,"wonky,fred,test"
Submodel,01.7.0 Garage Peak Icicle Left,Tips,
Model,,03.14.0Mod POINSETTIA,
Submodel,03.14.0Mod POINSETTIA,SpiralsCW,
Submodel,03.14.0Mod POINSETTIA,SpiralsCCW,
Submodel,03.14.0Mod POINSETTIA,Star1,
Submodel,03.14.0Mod POINSETTIA,StarOffset1,
Submodel,03.14.0Mod POINSETTIA,Petals,
Submodel,03.14.0Mod POINSETTIA,Vein1,
Submodel,03.14.0Mod POINSETTIA,Vein2,
Submodel,03.14.0Mod POINSETTIA,Berries,
Submodel,03.14.0Mod POINSETTIA,Center,
Submodel,03.14.0Mod POINSETTIA,Center Flower,
Model,,01.11.0 Door Horizontal,
Model,,01.14.0 Door Right Vertical,
Model,,03.1.0Mod STARBURST,
Submodel,03.1.0Mod STARBURST,Outline,
Submodel,03.1.0Mod STARBURST,Spokes,
Submodel,03.1.0Mod STARBURST,Points,
Submodel,03.1.0Mod STARBURST,Cones,
Submodel,03.1.0Mod STARBURST,Mid Star,
Submodel,03.1.0Mod STARBURST,Cross Section 1,
Submodel,03.1.0Mod STARBURST,Cross Section 2,
Submodel,03.1.0Mod STARBURST,Cross Section 3,
Submodel,03.1.0Mod STARBURST,Cross Section 4,
Submodel,03.1.0Mod STARBURST,Cross,
Submodel,03.1.0Mod STARBURST,Crown Upper,
Submodel,03.1.0Mod STARBURST,Crown Lower,
Submodel,03.1.0Mod STARBURST,Rings,
Model,,03.5.0Mod TREE SPHERE,
Model,,02.8.0 Snowflake 3,
Submodel,02.8.0 Snowflake 3,Inner Ring,
Submodel,02.8.0 Snowflake 3,Arms,
Submodel,02.8.0 Snowflake 3,Small Arms,
Submodel,02.8.0 Snowflake 3,Outer Ring,
Submodel,02.8.0 Snowflake 3,Tips,
Model,,02.8.0 Snowflake 2,
Submodel,02.8.0 Snowflake 2,Spokes,
Submodel,02.8.0 Snowflake 2,Inner Circle,
Submodel,02.8.0 Snowflake 2,Inner Flower,
Submodel,02.8.0 Snowflake 2,Arms,
Submodel,02.8.0 Snowflake 2,Tips,
Submodel,02.8.0 Snowflake 2,Small Arms (Offset),
Model,,02.8.0 Snowflake 1,
Submodel,02.8.0 Snowflake 1,Inner Ring,
Submodel,02.8.0 Snowflake 1,Outer Ring,
Submodel,02.8.0 Snowflake 1,Spokes,
Submodel,02.8.0 Snowflake 1,Outline,
Submodel,02.8.0 Snowflake 1,Arms,
Submodel,02.8.0 Snowflake 1,Tips,
Model,,02.8.0 Snowflake 4,
Submodel,02.8.0 Snowflake 4,Spokes,
Submodel,02.8.0 Snowflake 4,Rings,
Submodel,02.8.0 Snowflake 4,Arms,
Submodel,02.8.0 Snowflake 4,Tips,
Model,,03.15.0Mod LARGE MATRIX-2 (Unused),
Model,,*****Entire Display*****,
Model,,03.11.0Mod WINDOW WREATH,
Model,,02.7.0 Spinner 3,
Submodel,02.7.0 Spinner 3,Rings,
Submodel,02.7.0 Spinner 3,Spokes,
Submodel,02.7.0 Spinner 3,Outer Ring,
Submodel,02.7.0 Spinner 3,Inner Ring,
Model,,02.7.0 Spinner 4,
Submodel,02.7.0 Spinner 4,Rings,
Submodel,02.7.0 Spinner 4,Spokes,
Submodel,02.7.0 Spinner 4,Outer Ring,
Submodel,02.7.0 Spinner 4,Inner Ring,
Model,,02.9.0 Snowflake 6,
Submodel,02.9.0 Snowflake 6,Arms,
Submodel,02.9.0 Snowflake 6,Tips,
Submodel,02.9.0 Snowflake 6,Inner Star,
Submodel,02.9.0 Snowflake 6,Middle Star,
Submodel,02.9.0 Snowflake 6,Outer Circle,
Submodel,02.9.0 Snowflake 6,Large Star,
Model,,02.9.0 Snowflake 5,
Submodel,02.9.0 Snowflake 5,Arms,
Submodel,02.9.0 Snowflake 5,Tips,
Submodel,02.9.0 Snowflake 5,Inner Star,
Submodel,02.9.0 Snowflake 5,Middle Star,
Submodel,02.9.0 Snowflake 5,Outer Circle,
Submodel,02.9.0 Snowflake 5,Large Star,
Model,,02.12.0 36 Inch Snowflake,
Submodel,02.12.0 36 Inch Snowflake,Arms,
Submodel,02.12.0 36 Inch Snowflake,Star,
Submodel,02.12.0 36 Inch Snowflake,Tips,
Model,,02.2.0 Triple Arch 4,
Submodel,02.2.0 Triple Arch 4,Arch 1,
Submodel,02.2.0 Triple Arch 4,Arch 2,
Submodel,02.2.0 Triple Arch 4,Arch 3,
Model,,02.14.0 Flood 9,
Model,,03.6.0Mod PPD WREATH,
Submodel,03.6.0Mod PPD WREATH,SpiralsCW,
Submodel,03.6.0Mod PPD WREATH,SpiralsCCW,
Submodel,03.6.0Mod PPD WREATH,Stars,
Submodel,03.6.0Mod PPD WREATH,StarOffsets,
Submodel,03.6.0Mod PPD WREATH,Petals,
Submodel,03.6.0Mod PPD WREATH,DiamondArm1,
Submodel,03.6.0Mod PPD WREATH,DiamondArm2,
Submodel,03.6.0Mod PPD WREATH,DiamondArm3,
Submodel,03.6.0Mod PPD WREATH,DiamondArm4,
Submodel,03.6.0Mod PPD WREATH,DiamondArm5,
Submodel,03.6.0Mod PPD WREATH,DiamondArm6,
Submodel,03.6.0Mod PPD WREATH,DiamondArm7,
Submodel,03.6.0Mod PPD WREATH,DiamondArm8,
Submodel,03.6.0Mod PPD WREATH,OuterDiamonds,
Submodel,03.6.0Mod PPD WREATH,MiddleDiamonds,
Submodel,03.6.0Mod PPD WREATH,Petals1,
Submodel,03.6.0Mod PPD WREATH,Rings,
Submodel,03.6.0Mod PPD WREATH,Valley1,
Submodel,03.6.0Mod PPD WREATH,Valley2,
Submodel,03.6.0Mod PPD WREATH,Valley3,
Submodel,03.6.0Mod PPD WREATH,Valley4,
Submodel,03.6.0Mod PPD WREATH,Valley5,
Submodel,03.6.0Mod PPD WREATH,Valley6,
Submodel,03.6.0Mod PPD WREATH,Valley7,
Submodel,03.6.0Mod PPD WREATH,Valley8,
Submodel,03.6.0Mod PPD WREATH,Triangles,
Submodel,03.6.0Mod PPD WREATH,Triangles 2,
Submodel,03.6.0Mod PPD WREATH,Trees,
Model,,03.9.0Mod LARGE SNOWFLAKE,
Submodel,03.9.0Mod LARGE SNOWFLAKE,Tips,
Submodel,03.9.0Mod LARGE SNOWFLAKE,Large Branches,
Submodel,03.9.0Mod LARGE SNOWFLAKE,Ends,
Submodel,03.9.0Mod LARGE SNOWFLAKE,Small Branches,
Submodel,03.9.0Mod LARGE SNOWFLAKE,Arms,
Submodel,03.9.0Mod LARGE SNOWFLAKE,Inner Star,
Submodel,03.9.0Mod LARGE SNOWFLAKE,Inner Hexagon,
Submodel,03.9.0Mod LARGE SNOWFLAKE,Center Arms,
Model,,03.2.0Mod Peace Stakes,
Submodel,03.2.0Mod Peace Stakes,Pixel Layers-1,
Submodel,03.2.0Mod Peace Stakes,Pixel Layers-2,
Submodel,03.2.0Mod Peace Stakes,Pixel Layers-3,
Submodel,03.2.0Mod Peace Stakes,Pixel Layers-4,
Submodel,03.2.0Mod Peace Stakes,Pixel Layers-5,
Submodel,03.2.0Mod Peace Stakes,Pixel Layers-6,
Submodel,03.2.0Mod Peace Stakes,Stakes-1,
Submodel,03.2.0Mod Peace Stakes,Stakes-2,
Submodel,03.2.0Mod Peace Stakes,Stakes-3,
Submodel,03.2.0Mod Peace Stakes,Stakes-4,
Submodel,03.2.0Mod Peace Stakes,Stakes-5,
Submodel,03.2.0Mod Peace Stakes,Stakes-6,
Submodel,03.2.0Mod Peace Stakes,Stakes-7,
Submodel,03.2.0Mod Peace Stakes,Stakes-8,
Submodel,03.2.0Mod Peace Stakes,Stakes-9,
Submodel,03.2.0Mod Peace Stakes,Stakes-10,
Submodel,03.2.0Mod Peace Stakes,Stakes-11,
Submodel,03.2.0Mod Peace Stakes,Stakes-12,
Submodel,03.2.0Mod Peace Stakes,Stakes-13,
Submodel,03.2.0Mod Peace Stakes,Stakes-14,
Submodel,03.2.0Mod Peace Stakes,Stakes-15,
Submodel,03.2.0Mod Peace Stakes,Stakes-16,
Submodel,03.2.0Mod Peace Stakes,Stakes-17,
Submodel,03.2.0Mod Peace Stakes,Stakes-18,
Submodel,03.2.0Mod Peace Stakes,Stakes-19,
Submodel,03.2.0Mod Peace Stakes,Stakes-20,
Submodel,03.2.0Mod Peace Stakes,Stakes-21,
Submodel,03.2.0Mod Peace Stakes,Stakes-22,
Submodel,03.2.0Mod Peace Stakes,Stakes-23,
Submodel,03.2.0Mod Peace Stakes,Stakes-24,
Submodel,03.2.0Mod Peace Stakes,Stakes-25,
Submodel,03.2.0Mod Peace Stakes,Stakes-26,
Submodel,03.2.0Mod Peace Stakes,Stakes-27,
Submodel,03.2.0Mod Peace Stakes,Stakes-28,
Submodel,03.2.0Mod Peace Stakes,Stakes-29,
Submodel,03.2.0Mod Peace Stakes,Stakes-30,
Submodel,03.2.0Mod Peace Stakes,Stakes-31,
Submodel,03.2.0Mod Peace Stakes,Stakes-32,
Submodel,03.2.0Mod Peace Stakes,Stakes-33,
Submodel,03.2.0Mod Peace Stakes,Stakes-34,
Submodel,03.2.0Mod Peace Stakes,Stakes-35,
Submodel,03.2.0Mod Peace Stakes,Center,
Submodel,03.2.0Mod Peace Stakes,Outside,
Model,,02.19.0 Arch Snowflake 4,
Submodel,02.19.0 Arch Snowflake 4,Tips,
Submodel,02.19.0 Arch Snowflake 4,Arms,
Submodel,02.19.0 Arch Snowflake 4,Star,
Model,,02.19.0 Arch Snowflake 1,
Submodel,02.19.0 Arch Snowflake 1,Tips,
Submodel,02.19.0 Arch Snowflake 1,Arms,
Submodel,02.19.0 Arch Snowflake 1,Star,
Model,,02.19.0 Arch Snowflake 7,
Submodel,02.19.0 Arch Snowflake 7,Tips,
Submodel,02.19.0 Arch Snowflake 7,Star,
Submodel,02.19.0 Arch Snowflake 7,Big Star,
Submodel,02.19.0 Arch Snowflake 7,Arms,
Model,,02.19.0 Arch Snowflake 3,
Submodel,02.19.0 Arch Snowflake 3,Tips,
Submodel,02.19.0 Arch Snowflake 3,Star,
Submodel,02.19.0 Arch Snowflake 3,Big Star,
Submodel,02.19.0 Arch Snowflake 3,Arms,
Model,,02.19.0 Arch Snowflake 5,
Submodel,02.19.0 Arch Snowflake 5,Tips,
Submodel,02.19.0 Arch Snowflake 5,Star,
Submodel,02.19.0 Arch Snowflake 5,Arms,
Model,,02.17.0 Mini Tree Star 7,
Submodel,02.17.0 Mini Tree Star 7,Tips,
Model,,02.17.0 Mini Tree Star 1,
Submodel,02.17.0 Mini Tree Star 1,Tips,
Model,,02.13.0 Matrix R Candy Cane,
Submodel,02.13.0 Matrix R Candy Cane,Center,
Submodel,02.13.0 Matrix R Candy Cane,Outline,
Model,,02.13.0 Matrix L Candy Cane,
Submodel,02.13.0 Matrix L Candy Cane,Center,
Submodel,02.13.0 Matrix L Candy Cane,Outline,
Model,,02.12.0 16 Inch Snowflake 3,
Submodel,02.12.0 16 Inch Snowflake 3,Tips,
Submodel,02.12.0 16 Inch Snowflake 3,Star,
Submodel,02.12.0 16 Inch Snowflake 3,Arms,
Model,,02.12.0 16 Inch Snowflake 4,
Submodel,02.12.0 16 Inch Snowflake 4,Tips,
Submodel,02.12.0 16 Inch Snowflake 4,Star,
Submodel,02.12.0 16 Inch Snowflake 4,Arms,
Model,,02.12.0 24 Inch Snowflake 2,
Submodel,02.12.0 24 Inch Snowflake 2,Tips,
Submodel,02.12.0 24 Inch Snowflake 2,Star,
Submodel,02.12.0 24 Inch Snowflake 2,Arms,
Model,,02.12.0 24 Inch Snowflake 1,
Submodel,02.12.0 24 Inch Snowflake 1,Tips,
Submodel,02.12.0 24 Inch Snowflake 1,Arms,
Submodel,02.12.0 24 Inch Snowflake 1,Star,
Model,,02.12.0 16 Inch Snowlfake 2,
Submodel,02.12.0 16 Inch Snowlfake 2,Tips,
Submodel,02.12.0 16 Inch Snowlfake 2,Star,
Submodel,02.12.0 16 Inch Snowlfake 2,Arms,
Model,,02.12.0 16 Inch Snowflake 1,
Submodel,02.12.0 16 Inch Snowflake 1,Tips,
Submodel,02.12.0 16 Inch Snowflake 1,Star,
Submodel,02.12.0 16 Inch Snowflake 1,Arms,
Model,,02.2.0 Triple Arch 3,
Submodel,02.2.0 Triple Arch 3,Arch 1,
Submodel,02.2.0 Triple Arch 3,Arch 2,
Submodel,02.2.0 Triple Arch 3,Arch 3,
Model,,02.2.0 Triple Arch 2,
Submodel,02.2.0 Triple Arch 2,Arch 1,
Submodel,02.2.0 Triple Arch 2,Arch 2,
Submodel,02.2.0 Triple Arch 2,Arch 3,
Model,,02.2.0 Triple Arch 1,
Submodel,02.2.0 Triple Arch 1,Arch 1,
Submodel,02.2.0 Triple Arch 1,Arch 2,
Submodel,02.2.0 Triple Arch 1,Arch 3,
Model,,02.1.0 Yard Cane 5,
Submodel,02.1.0 Yard Cane 5,Center,
Submodel,02.1.0 Yard Cane 5,Outline,
Submodel,02.1.0 Yard Cane 5,Candle,
Submodel,02.1.0 Yard Cane 5,Flame,
Model,,02.1.0 Yard Cane 4,
Submodel,02.1.0 Yard Cane 4,Center,
Submodel,02.1.0 Yard Cane 4,Outline,
Submodel,02.1.0 Yard Cane 4,Candle,
Submodel,02.1.0 Yard Cane 4,Flame,
Model,,02.1.0 Yard Cane 3,
Submodel,02.1.0 Yard Cane 3,Center,
Submodel,02.1.0 Yard Cane 3,Outline,
Submodel,02.1.0 Yard Cane 3,Candle,
Submodel,02.1.0 Yard Cane 3,Flame,
Model,,02.1.0 Yard Cane 2,
Submodel,02.1.0 Yard Cane 2,Center,
Submodel,02.1.0 Yard Cane 2,Outline,
Submodel,02.1.0 Yard Cane 2,Candle,
Submodel,02.1.0 Yard Cane 2,Flame,
Model,,02.1.0 Yard Cane 1,
Submodel,02.1.0 Yard Cane 1,Center,
Submodel,02.1.0 Yard Cane 1,Outline,
Submodel,02.1.0 Yard Cane 1,Candle,
Submodel,02.1.0 Yard Cane 1,Flame,
Model,,02.21.0 Pole Star 5,
Submodel,02.21.0 Pole Star 5,Tips,
Submodel,02.21.0 Pole Star 5,Flames,
Model,,02.21.0 Pole Star 6,
Submodel,02.21.0 Pole Star 6,Tips,
Submodel,02.21.0 Pole Star 6,Flames,
Model,,02.21.0 Pole Star 4,
Submodel,02.21.0 Pole Star 4,Tips,
Submodel,02.21.0 Pole Star 4,Flames,
Model,,02.21.0 Pole Star 3,
Submodel,02.21.0 Pole Star 3,Tips,
Submodel,02.21.0 Pole Star 3,Flames,
Model,,02.21.0 Pole Star 2,
Submodel,02.21.0 Pole Star 2,Tips,
Submodel,02.21.0 Pole Star 2,Flames,
Model,,02.21.0 Pole Star 1,
Submodel,02.21.0 Pole Star 1,Tips,
Submodel,02.21.0 Pole Star 1,Flames,
Model,,02.20.0 Pixel Pole 6,
Model,,02.20.0 Pixel Pole 5,
Model,,02.20.0 Pixel Pole 4,
Model,,02.20.0 Pixel Pole 3,
Model,,02.20.0 Pixel Pole 2,
Model,,02.20.0 Pixel Pole 1,
Model,,02.24.0 GROUND SPINNER,
Submodel,02.24.0 GROUND SPINNER,Spoke 1,
Submodel,02.24.0 GROUND SPINNER,Spoke 2,
Submodel,02.24.0 GROUND SPINNER,Spoke 3,
Submodel,02.24.0 GROUND SPINNER,Spoke 4,
Submodel,02.24.0 GROUND SPINNER,Spoke 5,
Submodel,02.24.0 GROUND SPINNER,Spoke 6,
Submodel,02.24.0 GROUND SPINNER,Spoke 7,
Submodel,02.24.0 GROUND SPINNER,Rings,
Submodel,02.24.0 GROUND SPINNER,Rings-1,
Submodel,02.24.0 GROUND SPINNER,Rings-2,
Submodel,02.24.0 GROUND SPINNER,Rings-3,
Submodel,02.24.0 GROUND SPINNER,Rings-4,
Submodel,02.24.0 GROUND SPINNER,Rings-5,
Submodel,02.24.0 GROUND SPINNER,Rings-6,
Submodel,02.24.0 GROUND SPINNER,Rings-7,
Submodel,02.24.0 GROUND SPINNER,Rings-8,
Submodel,02.24.0 GROUND SPINNER,Rings-9,
Submodel,02.24.0 GROUND SPINNER,Rings-10,
Submodel,02.24.0 GROUND SPINNER,Rings-11,
Submodel,02.24.0 GROUND SPINNER,Rings-12,
Submodel,02.24.0 GROUND SPINNER,Rings-13,
Submodel,02.24.0 GROUND SPINNER,Rings-14,
Submodel,02.24.0 GROUND SPINNER,Rings-15,
Model,,02.15.0 Mini Tree 7,
Model,,02.16.0 Mini Tree 6,
Model,,02.16.0 Mini Tree 5,
Model,,02.16.0 Mini Tree 4,
Model,,02.16.0 Mini Tree 3,
Model,,02.16.0 Mini Tree 2,
Model,,02.15.0 Mini Tree 1,
Model,,02.11.0 Door R Matrix,
Model,,02.11.0 Door L Matrix,
Model,,03.10.0Mod INVERTED MEGA TREE,
Model,,02.5.0 Window R Matrix,
Model,,02.5.0 Window L Matrix,
Model,,02.4.0 Left Yard 3,
Model,,02.4.0 Left Yard 4,
Model,,02.4.0 Left Yard 2,
Model,,01.11 Right House Gutter,
Model,,01.11 Garage Gutter,
Model,,02.6.0 Right Garage Door Vertical,
Model,,02.6.0 Garage Door Horizontal,
Model,,02.6.0 Left Garage Door Vertical,
Model,,01.15.0 Small Window Frame,
Model,,01.11 Door Peak Right,
Model,,02.10.0 Spiral  Tree 1,
Model,,02.10.0 Spiral Tree 2,
Model,,02.7.0 Spinner 2,
Submodel,02.7.0 Spinner 2,Spoke 1,
Submodel,02.7.0 Spinner 2,Spoke 2,
Submodel,02.7.0 Spinner 2,Spoke 3,
Submodel,02.7.0 Spinner 2,Spoke 4,
Submodel,02.7.0 Spinner 2,Spoke 5,
Submodel,02.7.0 Spinner 2,Spoke 6,
Submodel,02.7.0 Spinner 2,Spoke 7,
Submodel,02.7.0 Spinner 2,Spoke 8,
Submodel,02.7.0 Spinner 2,Spoke 9,
Submodel,02.7.0 Spinner 2,Spoke 10,
Submodel,02.7.0 Spinner 2,Spoke 11,
Submodel,02.7.0 Spinner 2,Spoke 12,
Submodel,02.7.0 Spinner 2,Circle 1,
Submodel,02.7.0 Spinner 2,Circle 2,
Submodel,02.7.0 Spinner 2,Circle 3,
Submodel,02.7.0 Spinner 2,Circle 4,
Submodel,02.7.0 Spinner 2,Circle 5 - Outer Ring,
Submodel,02.7.0 Spinner 2,Center Node,
Model,,02.7.0 Spinner 1,
Submodel,02.7.0 Spinner 1,Spoke 1,
Submodel,02.7.0 Spinner 1,Spoke 2,
Submodel,02.7.0 Spinner 1,Spoke 3,
Submodel,02.7.0 Spinner 1,Spoke 4,
Submodel,02.7.0 Spinner 1,Spoke 5,
Submodel,02.7.0 Spinner 1,Spoke 6,
Submodel,02.7.0 Spinner 1,Spoke 7,
Submodel,02.7.0 Spinner 1,Spoke 8,
Submodel,02.7.0 Spinner 1,Spoke 9,
Submodel,02.7.0 Spinner 1,Spoke 10,
Submodel,02.7.0 Spinner 1,Spoke 11,
Submodel,02.7.0 Spinner 1,Spoke 12,
Submodel,02.7.0 Spinner 1,Circle 1,
Submodel,02.7.0 Spinner 1,Circle 2,
Submodel,02.7.0 Spinner 1,Circle 3,
Submodel,02.7.0 Spinner 1,Circle 4,
Submodel,02.7.0 Spinner 1,Circle 5 - Outer Ring,
Submodel,02.7.0 Spinner 1,Center Node,
Model,,02.13.0 Window R Candy Cane,
Submodel,02.13.0 Window R Candy Cane,Center,
Submodel,02.13.0 Window R Candy Cane,Outline,
Model,,02.13.0 Window L Candy Cane,
Submodel,02.13.0 Window L Candy Cane,Center,
Submodel,02.13.0 Window L Candy Cane,Outline,
Model,,01.7.0 Entrance Icicles,
Submodel,01.7.0 Entrance Icicles,Tips,
Model,,01.7.0 Door Peak Icicles Right,
Submodel,01.7.0 Door Peak Icicles Right,Tips,
Model,,01.7.0 Door Peak Icicles Left,
Submodel,01.7.0 Door Peak Icicles Left,Tips,
Model,,01.7.0 Garage Peak Icicles Right,
Submodel,01.7.0 Garage Peak Icicles Right,Tips,
Model,,03.3.0Mod MEGA TREE 16 x 50,
Model,,03.8.0Mod LARGE MATRIX 1,
Model,,03.13.0Mod TUNE TO SIGN,
Model,,02.3.0 Tree-6,
Model,,02.3.0 Tree-5,
Model,,02.3.0 Tree-4,
Model,,02.3.0 Tree-3,
Model,,02.3.0 Tree-2,
Model,,03.7.0Mod GE ROSA WREATH,
Submodel,03.7.0Mod GE ROSA WREATH,Outter Ring,
Submodel,03.7.0Mod GE ROSA WREATH,Wavy Outline,
Submodel,03.7.0Mod GE ROSA WREATH,Rings,
Submodel,03.7.0Mod GE ROSA WREATH,Ribbons,
Submodel,03.7.0Mod GE ROSA WREATH,Arrows,
Submodel,03.7.0Mod GE ROSA WREATH,Outer Balls,
Submodel,03.7.0Mod GE ROSA WREATH,Outer Decorations,
Submodel,03.7.0Mod GE ROSA WREATH,Inner Ring,
Submodel,03.7.0Mod GE ROSA WREATH,Largest Ring,
Submodel,03.7.0Mod GE ROSA WREATH,Tree,
Submodel,03.7.0Mod GE ROSA WREATH,Peacock Feathers,
Submodel,03.7.0Mod GE ROSA WREATH,Full Peacock,
Submodel,03.7.0Mod GE ROSA WREATH,Extended Peacock,
Submodel,03.7.0Mod GE ROSA WREATH,Cupids Arrows,
Submodel,03.7.0Mod GE ROSA WREATH,Stacked Balls,
Submodel,03.7.0Mod GE ROSA WREATH,Daisy,
Submodel,03.7.0Mod GE ROSA WREATH,Double Daisy,
Submodel,03.7.0Mod GE ROSA WREATH,Big Petals,
Submodel,03.7.0Mod GE ROSA WREATH,Tulips,
Submodel,03.7.0Mod GE ROSA WREATH,Scoops,
Submodel,03.7.0Mod GE ROSA WREATH,Arrow Heads,
Submodel,03.7.0Mod GE ROSA WREATH,Arrows - Cupid,
Submodel,03.7.0Mod GE ROSA WREATH,Arrows - Double,
Submodel,03.7.0Mod GE ROSA WREATH,Balls Outer,
Submodel,03.7.0Mod GE ROSA WREATH,Balls Outer-Odd,
Submodel,03.7.0Mod GE ROSA WREATH,Balls Outer - Even,
Submodel,03.7.0Mod GE ROSA WREATH,Balls - Stacked,
Submodel,03.7.0Mod GE ROSA WREATH,Feathers,
Submodel,03.7.0Mod GE ROSA WREATH,Feathers (Even),
Submodel,03.7.0Mod GE ROSA WREATH,Feathers  (Odd),
Submodel,03.7.0Mod GE ROSA WREATH,Feathers - Filled,
Submodel,03.7.0Mod GE ROSA WREATH,Feathers - Filled (Even),
Submodel,03.7.0Mod GE ROSA WREATH,Feather -  Filled (Odd),
Submodel,03.7.0Mod GE ROSA WREATH,Flower - Large,
Submodel,03.7.0Mod GE ROSA WREATH,Flower - Medium,
Submodel,03.7.0Mod GE ROSA WREATH,Flower - Daisy,
Submodel,03.7.0Mod GE ROSA WREATH,Flower - Daisy (Double),
Submodel,03.7.0Mod GE ROSA WREATH,Flower - Daisy (Filled),
Submodel,03.7.0Mod GE ROSA WREATH,Flower - Big Petals,
Submodel,03.7.0Mod GE ROSA WREATH,Flower - Tulips,
Submodel,03.7.0Mod GE ROSA WREATH,Half Moons,
Submodel,03.7.0Mod GE ROSA WREATH,Matrix - Top,
Submodel,03.7.0Mod GE ROSA WREATH,Matrix - Bottom,
Submodel,03.7.0Mod GE ROSA WREATH,Matrix - Left,
Submodel,03.7.0Mod GE ROSA WREATH,Matrix - Right,
Submodel,03.7.0Mod GE ROSA WREATH,Outer Decorations-1,
Submodel,03.7.0Mod GE ROSA WREATH,Outer Ring,
Submodel,03.7.0Mod GE ROSA WREATH,Peacock - Medium,
Submodel,03.7.0Mod GE ROSA WREATH,Peacock - Large,
Submodel,03.7.0Mod GE ROSA WREATH,Peacock - Medium (3 Quarter),
Submodel,03.7.0Mod GE ROSA WREATH,Peacock - Large (3 Quarter),
Submodel,03.7.0Mod GE ROSA WREATH,Ribons,
Submodel,03.7.0Mod GE ROSA WREATH,Rings-1,
Submodel,03.7.0Mod GE ROSA WREATH,Spokes,
Submodel,03.7.0Mod GE ROSA WREATH,Zig Zag,
Model,,02.14.0 Flood 5,
Model,,02.14.0 Flood 7,
Model,,02.14.0 Flood 6,
Model,,02.14.0 Flood 3,
Model,,02.14.0 Flood 8,
Model,,02.14.0 Flood 4,
Model,,02.14.0 Flood 2,
Model,,02.14.0 Flood 1,
Model,,03.4.0Mod MEGA TREE 32 x 80,
Model,,03.12.0Mod MEGA TREE STAR,
Submodel,03.12.0Mod MEGA TREE STAR,Big Star,
Submodel,03.12.0Mod MEGA TREE STAR,Medium Star,
Submodel,03.12.0Mod MEGA TREE STAR,Small Star,
Submodel,03.12.0Mod MEGA TREE STAR,Tips,
Model,,02.18.0 Arch 1,
Model,,02.18.0 Arch 2,
Model,,02.18.0 Arch 3,
Model,,02.18.0 Arch 4,
Model,,02.18.0 Arch 5,
Model,,02.18.0 Arch 6,
Model,,02.18.0 Arch 7,
Model,,01.7.0 Garage Door Icicles,
Submodel,01.7.0 Garage Door Icicles,Tips,
Model,,01.7.0 Right Side of House Icicles,
Submodel,01.7.0 Right Side of House Icicles,Tips,
Model,,01.14.0 Left Garage,
Model,,01.14.0 Right Garage,
Model,,01.11 Garage Peak Left,
Model,,01.11 Garage Peak Right,
Model,,01.11 Door Peak Left,
Model,,01.14.0 Right House 1,
Model,,01.14.0 Right House 2,
Model,,01.11 Roof Peak,
Model,,01.11 Right Top of Roof,
Model,,01.15.0 Garage Window Frame,
Model,,01.15.0 Main Window Frame,
Model,,01.11 Entryway,
Model,,02.4.0 Left Yard 1,
Model,,02.26.0 Right Yard 1,
Model,,02.26.0 Right Yard 2,
Model,,02.26.0 Right Yard 3,
Model,,02.26.0 Right Yard 4,
Model,,02.26.0 Right Yard 5,
Model,,02.17.0 Mini Tree Star 2,
Submodel,02.17.0 Mini Tree Star 2,Tips,
Model,,02.17.0 Mini Tree Star 3,
Submodel,02.17.0 Mini Tree Star 3,Tips,
Model,,02.17.0 Mini Tree Star 4,
Submodel,02.17.0 Mini Tree Star 4,Tips,
Model,,02.17.0 Mini Tree Star 5,
Submodel,02.17.0 Mini Tree Star 5,Tips,
Model,,02.17.0 Mini Tree Star 6,
Submodel,02.17.0 Mini Tree Star 6,Tips,
Model,,02.19.0 Arch Snowflake 6,
Submodel,02.19.0 Arch Snowflake 6,Tips,
Submodel,02.19.0 Arch Snowflake 6,Star,
Submodel,02.19.0 Arch Snowflake 6,Arms,
Model,,02.19.0 Arch Snowflake 2,
Submodel,02.19.0 Arch Snowflake 2,Tips,
Submodel,02.19.0 Arch Snowflake 2,Star,
Submodel,02.19.0 Arch Snowflake 2,Arms,
Model,,*****Left Yard*****,
Model,,*****Garage *****,
Model,,*****Right House*****,
Model,,*****Right Yard*****,
Model,,*****Individual Props*****,
Model,,*****Matrices*****,
Model,,01.14.0 Door Left Vertical,
Group,,02.14.0Grp FLOODS,
Group,,02.3.0 TWIG TREE,
Group,,02.10.0Grp SPIRAL TREES,
Group,,02.13.0Grp CANDY CANES HOUSE,
Group,,02.1.0Grp CANDY CANES YARD,
Group,,02.18.0Grp ARCHES RIGHT YARD,
Group,,02.20.0Grp PIXEL POLES,
Group,,02.21.0Grp STARS PIXEL POLES,
Group,,01.8.0Grp ALL MINI TREES,
Group,,01.7.0Grp ALL ICICLES,
Group,,02.7.0Grp SPINNERS,
Group,,02.12.0Grp SNOWFLAKES ROOF SMALL,
Group,,02.6.0Grp GARAGE DOOR,
Group,,01.4.0Grp HOUSE OUTLINE,
Group,,01.15.0Grp WINDOWS,
Group,,01.12.0Grp HOUSE MATRICES,
Group,,02.4.0Grp OUTLINE LEFT YARD,
Group,,02.26.0Grp OUTLINE RIGHT YARD,
Group,,01.13.0Grp YARD OUTLINE,
Group,,02.2.3Sub         Arches Triple Bottom Arch,
Group,,02.2.2Sub         Arches Triple Middle Arch,
Group,,02.2.1Sub         Arches Triple Top Arch,
Group,,02.17.0Grp STARS MINI TREES,
Group,,02.25.0Grp SNOWFLAKES ALL HOUSE,
Group,,01.1.0Grp EVERYTHING BUT STARBURST,
Group,,01.2.0Grp EVERYTHING BUT MEGA TREES STAR STARBURST GLOBE,
Group,,01.3.0Grp HOUSE LESS YARD,
Group,,02.0AGrp LEFT YARD,
Group,,02.5.0AGrp LEFT HOUSE,
Group,,02.11.0AGrp RIGHT HOUSE,
Group,,02.15.0AGrp RIGHT YARD,
Group,,02.11.0Grp MATRICES DOOR COLUMN,
Group,,02.5.0Grp MATRICES GARAGE WINDOW,
Group,,02.2.0Grp  ARCHES TRIPLE,
Group,,02.19.0Grp SNOWFLAKES RIGHT ARCH,
Group,,02.15.0Grp MINI TREES MID SIZE,
Group,,01.14.0Grp VERTICALS,
Group,,01.11.0Grp HORIZONTALS,
Group,,03.2.0Grp PEACE STAKES GROUP,
Group,,03.2.2Sub         Peace Stakes Odd,
Group,,03.2.1Sub         Peace Stakes Even,
Group,,01.10.0Grp ALL STARS,
Group,,01.6.0Grp ALL CANDY CANES,
Group,,01.9.0Grp ALL SNOWFLAKES,
Group,,01.9.3Sub         Snowflakes Tips,
Group,,01.9.2Sub         Snowflakes Center Stars,
Group,,01.9.1Sub         Snowflakes Arms,
Group,,02.22.0GRP STAR ALL POINTS,
Group,,01.7.1Sub         Icicle Tips,
Group,,02.7.1Sub         Spinners Outer Rings,
Group,,02.7.5Sub         Spinners Small All Spokes,
Group,,02.7.4Sub         Spinners Small All Rings,
Group,,02.7.3Sub         Spinners Large All Spokes,
Group,,02.7.2Sub         Spinners Large All Rings,
Group,,02.24.2Sub         Ground Spinner Spokes,
Group,,02.24.1Sub         Ground Spinner Rings,
Group,,02.8.0 SNOWFLAKES GARAGE SMALL,
Group,,02.9.0Grp SNOWFLAKES LLS,
Group,,02.19.1Sub         Snowflakes Right Arch Arms,
Group,,02.19.2Sub         Snowflakes Right Arch Stars,
Group,,02.19.3Sub         Snowflakes Right Arch Tips,
Group,,02.12.1Sub         Snowflakes Roof Small Arms,
Group,,02.12.3Sub         Snowflakes Roof Small Tips,
Group,,02.12.2Sub         Snowflakes Roof Small Stars,
Group,,02.9.1Sub         Snowflakes LLS Arms,
Group,,02.9.3Sub         Snowflakes LLS Inner Stars,
Group,,02.9.4Sub         Snowflakes LLS Middle Stars,
Group,,02.9.5Sub         Snowflakes LLS Outer Circles,
Group,,02.9.6Sub         Snowflakes LLS Tips,
Group,,02.8.1Sub         Snowflakes Garage Small Arms,
Group,,02.8.3Sub         Snowflakes Garage Small Inner Rings,
Group,,02.8.5Sub         Snowflakes Garage Small Tips,
Group,,02.9.2Sub         Snowflakes LLS Large Stars,
Group,,02.8.4Sub         Snowflakes Garage Small Spokes,
Group,,02.8.2Sub         Snowflakes Garage Small Center Lines,
Group,,03.6.2Sub         PPD Wreath Valleys,
Group,,03.6.1Sub         PPD Wreath Diamond Arms,
Group,,01.5.0Grp ALL ARCHES,
Group,,02.16.0Grp MINI TREES SMALL,
Group,,02.1.1Sub         Candy Canes Yard Outline,
Group,,02.1.2Sub         Candy Canes Yard Center,
Group,,02.13.1Sub         Candy Canes House Center,
Group,,02.13.2Sub         Candy Canes House Outline,
Group,,02.24.0Grp GROUND SPINNER,
Group,,03.6.0Grp PPD WREATH,
Group,,02.1.3Sub         Candlestick,
Group,,02.1.4Sub         Flame,
Group,,01.1.1Grp FPG STARBURST,
Group,,02.23.0Grp FLAMES,
Group,,GE Rosa Wreath GRP,
Group,,GE RosaWreath Arrows GRP,
Group,,GE RosaWreath Feather Even GRP,
Group,,GE RosaWreath Feather Odd GRP,
Group,,GE RosaWreath Feathers GRP,
Group,,GE RosaWreath Outer Circles GRP,
Group,,GE RosaWreath Ribbons GRP,
Group,,GE RosaWreath Rings GRP,
Group,,GE RosaWreath Spokes GRP,
Group,,01.1.2Grp FPG MEGA TREE,
